{"cameraMode":{"drawMode":0,"name":"Shaded","section":"Shading Mode"},"sceneLighting":true,"audioPlay":false,"sceneViewState":{"m_AlwaysRefresh":true,"showFog":true,"showSkybox":true,"showFlares":true,"showImageEffects":true,"showParticleSystems":true,"showVisualEffectGraphs":true,"m_FxEnabled":true},"in2DMode":false,"pivot":{"x":-1.2507195472717286,"y":2.1373257637023927,"z":-0.6783921718597412},"rotation":{"x":0.01620427705347538,"y":-0.9754863381385803,"z":0.07962857186794281,"w":0.20689260959625245},"size":17.672893524169923,"orthographic":false}