{"cameraMode":{"drawMode":0,"name":"Shaded","section":"Shading Mode"},"sceneLighting":true,"audioPlay":false,"sceneViewState":{"m_AlwaysRefresh":false,"showFog":true,"showSkybox":true,"showFlares":true,"showImageEffects":true,"showParticleSystems":true,"showVisualEffectGraphs":true,"m_FxEnabled":true},"in2DMode":false,"pivot":{"x":-6.55817174911499,"y":0.0903359055519104,"z":15.702266693115235},"rotation":{"x":-0.013819696381688118,"y":-0.9858136177062988,"z":0.14170420169830323,"w":-0.09300883859395981},"size":6.509692192077637,"orthographic":false}