{"cameraMode":{"drawMode":0,"name":"Shaded","section":"Shading Mode"},"sceneLighting":true,"audioPlay":false,"sceneViewState":{"m_AlwaysRefresh":false,"showFog":true,"showSkybox":true,"showFlares":true,"showImageEffects":true,"showParticleSystems":true,"showVisualEffectGraphs":true,"m_FxEnabled":true},"in2DMode":false,"pivot":{"x":2.0149106979370119,"y":-0.12465190887451172,"z":-3.415773868560791},"rotation":{"x":-0.08704861253499985,"y":-0.903410792350769,"z":0.21841992437839509,"w":-0.3590105175971985},"size":20.838661193847658,"orthographic":false}