{"cameraMode":{"drawMode":0,"name":"Shaded","section":"Shading Mode"},"sceneLighting":true,"audioPlay":false,"sceneViewState":{"m_AlwaysRefresh":true,"showFog":true,"showSkybox":true,"showFlares":true,"showImageEffects":true,"showParticleSystems":true,"showVisualEffectGraphs":true,"m_FxEnabled":true},"in2DMode":false,"pivot":{"x":-0.8034076690673828,"y":2.602020502090454,"z":0.6569547653198242},"rotation":{"x":0.013307861052453518,"y":-0.9700184464454651,"z":0.0572812519967556,"w":0.23787760734558106},"size":14.885174751281739,"orthographic":false}