{"cameraMode":{"drawMode":0,"name":"Shaded","section":"Shading Mode"},"sceneLighting":true,"audioPlay":false,"sceneViewState":{"m_AlwaysRefresh":true,"showFog":true,"showSkybox":true,"showFlares":true,"showImageEffects":true,"showParticleSystems":true,"showVisualEffectGraphs":true,"m_FxEnabled":true},"in2DMode":false,"pivot":{"x":0.35510730743408205,"y":4.047677040100098,"z":5.9173126220703129},"rotation":{"x":0.006372930482029915,"y":-0.9715982675552368,"z":0.029651807621121408,"w":0.23670104146003724},"size":12.48706340789795,"orthographic":false}